page_ascore,source_title,source_url,target_url,anchor,external_links,internal_links,nofollow,first_seen,last_seen
60,Daily Nutritional Supplements | Pure Encapsulations®,https://www.pureencapsulations.com/,https://pureforyou.com/,Go To Consumer Site,6,4,false,false,2024-11-09
60,Daily Nutritional Supplements | Pure Encapsulations®,https://www.pureencapsulations.com/,https://pureforyou.com/pages/accessibility-statement,Accessibility,6,4,false,false,2025-09-15
60,Daily Nutritional Supplements | Pure Encapsulations®,https://www.pureencapsulations.com/,https://pureforyou.com/pages/contact-us,here,6,4,false,false,2025-01-21
60,Daily Nutritional Supplements | Pure Encapsulations®,https://www.pureencapsulations.com/,https://pureforyou.com/pages/legal,Legal Disclaimer,6,4,false,false,2025-08-10
57,Home | Nutrimedy,https://www.nutrimedy.com/,https://pureforyou.com/,Pure Encapsulations logo,5,27,false,false,2026-05-26
53,404 Not Found | Pure Encapsulations®,https://www.pureencapsulationspro.com/amazon-faq,https://pureforyou.com/,Consumer Site,7,98,false,false,2025-04-26
51,The Best Multivitamin for Men: Dietitian Approved Picks,https://www.healthline.com/nutrition/best-multivitamins-for-men,https://smartq.pureforyou.com/products/39741657153570/mens-nutrients-180?correlationId=null&rvo_aff=1&rvo_brandid=Pure%2BEncapsulations&rvo_prodid=1805c012-587a-4d67-94d6-25c1e82870fd&rvo_subid2=%2Fnutrition%2Fbest-multivitamins-for-men&rvo_subid=1805c012-587a-4d67-94d6-25c1e82870fd,SHOP NOW AT PURE ENCAPSULATIONS,59,210,false,false,2025-08-20
51,The Best Multivitamin for Men: Dietitian Approved Picks,https://www.healthline.com/nutrition/best-multivitamins-for-men,https://smartq.pureforyou.com/products/39741657153570/mens-nutrients-180?correlationId=null&rvo_aff=1&rvo_brandid=Pure%2BEncapsulations&rvo_prodid=1805c012-587a-4d67-94d6-25c1e82870fd&rvo_subid2=%2Fnutrition%2Fbest-multivitamins-for-men&rvo_subid=1805c012-587a-4d67-94d6-25c1e82870fd,Pure Encapsulations Men’s Nutrients,59,210,false,false,2025-08-15
51,The Best Multivitamin for Men: Dietitian Approved Picks,https://www.healthline.com/nutrition/best-multivitamins-for-men,https://smartq.pureforyou.com/products/39741657153570/mens-nutrients-180?correlationId=null&rvo_aff=1&rvo_brandid=Pure%2BEncapsulations&rvo_prodid=1805c012-587a-4d67-94d6-25c1e82870fd&rvo_subid2=%2Fnutrition%2Fbest-multivitamins-for-men&rvo_subid=1805c012-587a-4d67-94d6-25c1e82870fd,Pure Encapsulations Men's Nutrients,59,210,false,false,2025-08-15
51,The Best Multivitamin for Men: Dietitian Approved Picks,https://www.healthline.com/nutrition/best-multivitamins-for-men,https://smartq.pureforyou.com/products/39741657153570/mens-nutrients-180?correlationId=null&rvo_aff=1&rvo_brandid=Pure%2BEncapsulations&rvo_prodid=1805c012-587a-4d67-94d6-25c1e82870fd&rvo_subid2=%2Fnutrition%2Fbest-multivitamins-for-men&rvo_subid=1805c012-587a-4d67-94d6-25c1e82870fd,,59,210,false,false,2025-08-15
50,Contact Us | Pure Encapsulations®,https://www.pureencapsulationspro.com/contact-us,https://pureforyou.com/,Consumer Site,8,84,false,false,2024-06-24
47,10 Dietitian-Approved Vitamin Brands of 2026,https://www.everydayhealth.com/diet-nutrition/best-vitamin-brands/,https://smartq.pureforyou.com/products/32040777777186/o-n-e-multivitamin?_gl=1%2A14l6prx%2A_gcl_au%2AMzMxNjMwNDU0LjE3Mjc0NzE0NTc.%2A_ga%2ANTYyNTQ3NzYuMTcyNzQ3MTQ1Nw..%2A_ga_90FXKL69M4%2AMTcyODUzNDI0OC4yLjEuMTcyODUzNDI4Mi4yNi4wLjA.&sort=top_sellers,O.N.E. Multivitamin,137,125,true,false,2025-11-19
47,"The best NAD supplements for 2025, recommended by experts | The Independent",https://www.independent.co.uk/life-style/best-nad-supplements-b2826554.html,https://smartq.pureforyou.com/products/42756074209314/nr-longevity,Pure Encapsulations’ NR longevity,41,168,true,false,2025-10-01
46,"12 Best Supplements for Men, According to Nutrition Experts",https://www.menshealth.com/nutrition/a19539297/best-supplements-for-men/,https://pureforyou.com/?_gl=1%2A5wkhor%2A_ga%2AMzU5Njk3MDU5LjE3MDI4MzY1Njc.%2A_ga_D9338N0JLS%2AMTcwMjgzNjU2Ny4xLjAuMTcwMjgzNjU2Ny42MC4wLjA.,Pure Encapsulations,79,92,false,false,2025-06-07
45,Holiday Gift Guide 2025: OK!'s Favorite Finds For Christmas Season,https://okmagazine.com/p/holiday-gift-guide-2025-season-favorite-finds-presents-christmas/,https://smartq.pureforyou.com/products/44297548202018/pure-sleep,SHOP NOW,391,29,false,false,2026-04-27
44,Women's Formulas - Supplements‡ & Vitamins For Women,https://www.pureencapsulationspro.com/our-products/health-categories/womens-formulas.html,https://pureforyou.com/,Consumer Site,7,83,false,false,2024-11-23
42,ServingVibes,https://servingvibes.blogspot.com/,https://pureforyou.com/,connectwithpure,13510,6,true,false,2026-03-03
42,vdeedecx,https://vdeedecx.blogspot.com/,https://pureforyou.com/,https://shoppureencapsulations.com/,14510,7,true,false,2026-01-20
42,6 Best Multivitamins for Men,https://www.medicalnewstoday.com/articles/best-mens-multivitamin,https://smartq.pureforyou.com/products/39741657153570/mens-nutrients-180?correlationId=null&rvo_aff=1&rvo_brandid=Pure%2BEncapsulations&rvo_prodid=1805c012-587a-4d67-94d6-25c1e82870fd&rvo_subid2=%2Farticles%2Fbest-mens-multivitamin&rvo_subid=1805c012-587a-4d67-94d6-25c1e82870fd,SHOP NOW AT PURE ENCAPSULATIONS,71,124,false,false,2025-11-26
42,6 Best Multivitamins for Men,https://www.medicalnewstoday.com/articles/best-mens-multivitamin,https://smartq.pureforyou.com/products/39741657153570/mens-nutrients-180?correlationId=null&rvo_aff=1&rvo_brandid=Pure%2BEncapsulations&rvo_prodid=1805c012-587a-4d67-94d6-25c1e82870fd&rvo_subid2=%2Farticles%2Fbest-mens-multivitamin&rvo_subid=1805c012-587a-4d67-94d6-25c1e82870fd,Pure Encapsulations Men’s Nutrients,71,124,false,false,2025-11-26
42,6 Best Multivitamins for Men,https://www.medicalnewstoday.com/articles/best-mens-multivitamin,https://smartq.pureforyou.com/products/39741657153570/mens-nutrients-180?correlationId=null&rvo_aff=1&rvo_brandid=Pure%2BEncapsulations&rvo_prodid=1805c012-587a-4d67-94d6-25c1e82870fd&rvo_subid2=%2Farticles%2Fbest-mens-multivitamin&rvo_subid=1805c012-587a-4d67-94d6-25c1e82870fd,Pure Encapsulations Men's Nutrients,71,124,false,false,2025-11-26
42,6 Best Multivitamins for Men,https://www.medicalnewstoday.com/articles/best-mens-multivitamin,https://smartq.pureforyou.com/products/39741657153570/mens-nutrients-180?correlationId=null&rvo_aff=1&rvo_brandid=Pure%2BEncapsulations&rvo_prodid=1805c012-587a-4d67-94d6-25c1e82870fd&rvo_subid2=%2Farticles%2Fbest-mens-multivitamin&rvo_subid=1805c012-587a-4d67-94d6-25c1e82870fd,,71,124,false,false,2025-11-26
37,rretex,https://rretexesf.blogspot.com/,https://pureforyou.com/,connectwithpure,13510,6,true,false,2026-03-03
36,soundtracki,https://soundtrackis.blogspot.com/,https://pureforyou.com/,connectwithpure,13510,6,true,false,2026-03-04
35,SaleSoft,https://salesoftses.blogspot.com/,https://pureforyou.com/,connectwithpure,13510,6,true,false,2026-03-06
35,7 Best Supplements For Bone Strength - The Good Trade,https://www.thegoodtrade.com/features/bone-health-supplements/,https://smartq.pureforyou.com/products/39410165514274/osteobalance-210,Pure Encapsulations,54,46,true,false,2025-08-24
35,7 Best Supplements For Bone Strength - The Good Trade,https://www.thegoodtrade.com/features/bone-health-supplements/,https://smartq.pureforyou.com/products/39410165514274/osteobalance-210,"A group of people practice yoga indoors, holding a plank position on mats in a bright studio.",54,46,false,false,2025-08-24
35,7 Best Supplements For Bone Strength - The Good Trade,https://www.thegoodtrade.com/features/bone-health-supplements/,https://smartq.pureforyou.com/products/39410165514274/osteobalance-210,"A white bottle labeled ""Pure Encapsulations OsteoBalance+ Dietary Supplement"" containing 90 capsules, with ""gluten-free, non-GMO & hypoallergenic"" noted on the front.",54,46,false,false,2025-08-24
35,7 Best Supplements For Bone Strength - The Good Trade,https://www.thegoodtrade.com/features/bone-health-supplements/,https://smartq.pureforyou.com/products/39410165514274/osteobalance-210,SHOP Pure Encapsulations,54,46,false,false,2025-08-24
35,7 Best Supplements For Bone Strength - The Good Trade,https://www.thegoodtrade.com/features/bone-health-supplements/,https://smartq.pureforyou.com/products/39410165514274/osteobalance-210,Read more reviews.,54,46,false,false,2025-08-24
32,Frontiers | Multi-target mechanisms and potential applications of quercetin in the treatment of acne vulgaris,https://www.frontiersin.org/journals/pharmacology/articles/10.3389/fphar.2025.1523905/full,https://smartq.pureforyou.com/products/32040786821154/quercetin,https://Smartq.Pureforyou.Com/Products/32040786821154/Quercetin,295,283,false,false,2025-09-08
32,"Best Multivitamins for Men Over 50, Chosen by Dietitians",https://www.healthline.com/nutrition/best-multivitamin-for-men-over-50,https://smartq.pureforyou.com/products/39741657153570/mens-nutrients-180?correlationId=null&rvo_aff=1&rvo_brandid=Pure%2BEncapsulations&rvo_prodid=1805c012-587a-4d67-94d6-25c1e82870fd&rvo_subid2=%2Fnutrition%2Fbest-multivitamin-for-men-over-50&rvo_subid=1805c012-587a-4d67-94d6-25c1e82870fd,SHOP NOW AT PURE ENCAPSULATIONS,80,184,false,false,2025-09-27
32,"Best Multivitamins for Men Over 50, Chosen by Dietitians",https://www.healthline.com/nutrition/best-multivitamin-for-men-over-50,https://smartq.pureforyou.com/products/39741657153570/mens-nutrients-180?correlationId=null&rvo_aff=1&rvo_brandid=Pure%2BEncapsulations&rvo_prodid=1805c012-587a-4d67-94d6-25c1e82870fd&rvo_subid2=%2Fnutrition%2Fbest-multivitamin-for-men-over-50&rvo_subid=1805c012-587a-4d67-94d6-25c1e82870fd,Pure Encapsulations Men’s Nutrients,80,184,false,false,2026-04-21
32,"Best Multivitamins for Men Over 50, Chosen by Dietitians",https://www.healthline.com/nutrition/best-multivitamin-for-men-over-50,https://smartq.pureforyou.com/products/39741657153570/mens-nutrients-180?correlationId=null&rvo_aff=1&rvo_brandid=Pure%2BEncapsulations&rvo_prodid=1805c012-587a-4d67-94d6-25c1e82870fd&rvo_subid2=%2Fnutrition%2Fbest-multivitamin-for-men-over-50&rvo_subid=1805c012-587a-4d67-94d6-25c1e82870fd,Pure Encapsulations Men's Nutrients,80,184,false,false,2025-09-27
32,"Best Multivitamins for Men Over 50, Chosen by Dietitians",https://www.healthline.com/nutrition/best-multivitamin-for-men-over-50,https://smartq.pureforyou.com/products/39741657153570/mens-nutrients-180?correlationId=null&rvo_aff=1&rvo_brandid=Pure%2BEncapsulations&rvo_prodid=1805c012-587a-4d67-94d6-25c1e82870fd&rvo_subid2=%2Fnutrition%2Fbest-multivitamin-for-men-over-50&rvo_subid=1805c012-587a-4d67-94d6-25c1e82870fd,,80,184,false,false,2025-09-27
27,"Thorne Supplements Review: Pros, Cons, and Best Products",https://thenutritioninsider.com/reviews/thorne-supplements-review/,https://smartq.pureforyou.com/products/33055582453794/puregenomics-b-complex?adgroupid&campaignid=18372003585&device=c&gad_source=1&gclsrc=aw.ds&network=x,Pure Encapsulations PureGenomics® B-Complex,19,80,false,false,2025-09-06
27,"The Best Hair, Skin, and Nail Vitamins, According to Dermatologists | Vogue",https://www.vogue.com/article/best-hair-skin-and-nails-vitamins,https://smartq.pureforyou.com/drug-nutrient-interactions,drug-nutrient-interaction checker,68,130,true,false,2025-06-19
25,10 Best Vitamin D3 and K2 Supplements [Registered Dietitian-Reviewed] | mybest,https://us.my-best.com/22400,https://pureforyou.com/pages/pure-difference,test products in cGMP-certified laboratories,125,73,false,false,2024-12-10
25,404 Not Found | Pure Encapsulations®,https://www.pureencapsulationspro.com/iron-c-gummy-pe.html,https://pureforyou.com/,Consumer Site,7,98,false,false,2025-08-25
24,Wolfgang+Hesl - Yahoo Suchergebnisse,https://ch.search.yahoo.com/mobile/s?_tsrc=apple&age=1m&btf=m&ei=UTF-8&fr2=time&p=Wolfgang%2BHesl,https://smartq.pureforyou.com/products/32040737734690/dim-detox,smartq.pureforyou.com › 32040737734690 › dim-detox DIM Detox | Pure Encapsulations,14,39,false,false,2025-08-28
24,Olga+Korbut - Yahoo Suche Suchergebnisse,https://de.search.yahoo.com/mobile/s?ei=UTF-8&fr2=p%3As%2Cv%3Aw%2Cm%3Akg-pasf%2Cct%3A&p=Olga%2BKorbut,https://smartq.pureforyou.com/products/32040792522786/visionpro-nutrients,smartq.pureforyou.com › visionpro-nutrients VisionPro Nutrients* | Pure Encapsulations - Pureforyou.com,15,49,false,false,2026-02-02
24,"Archafrieh,+Líbano - Resultados de la búsqueda Yahoo España",https://es.search.yahoo.com/mobile/s?ei=UTF-8&p=Archafrieh%2C%2BL%C3%ADbano,https://smartq.pureforyou.com/products/39406543536162/calcium-citrate,smartq.pureforyou.com › products › 39406543536162 Calcium ( citrate ) | Pure Encapsulations - Pureforyou.com,10,23,false,false,2026-01-01
24,Yahoo - inmint+reviews - Αποτελέσματα Αναζήτησης,https://gr.search.yahoo.com/mobile/s?age&btf&ei=UTF-8&fr2=showall&p=inmint%2Breviews,https://smartq.pureforyou.com/products/33055573639202/saw-palmetto-320-120,smartq.pureforyou.com › products › 33055573639202 Saw Palmetto 320 mg | Pure Encapsulations - Pureforyou.com,10,21,false,false,2025-12-17
24,drawing - Результаты поиска Yahoo,https://ru.search.yahoo.com/mobile/s?age=1w&ei=UTF-8&fr2=p%3As%2Cv%3Aw%2Cm%3Ars-bottom%2Cct%3Agossip&p=drawing,https://pureforyou.com/,pureforyou.com Personalized Nutritional Supplements | Pure Encapsulations,7,38,false,false,2025-11-06
24,xxxs – Yahoo Sökresultat,https://se.search.yahoo.com/mobile/s?age&btf&ei=UTF-8&fr2=showall&q=xxxs,https://pureforyou.com/,pureforyou.com Personalized Nutritional Supplements | Pure Encapsulations,7,22,false,false,2026-02-04
24,Pure+Country+Film+Series - Yahoo Search Results,https://search.yahoo.com/mobile/s?ei=UTF-8&fl=1&p=Pure%2BCountry%2BFilm%2BSeries,https://pureforyou.com/,pureforyou.com pureforyou.com Personalized Nutritional Supplements | Pure Encapsulations,11,37,false,false,2025-11-04
24,Pure+BS - Yahoo Search Results,https://search.yahoo.com/mobile/sapp?ei=UTF-8&norw=1&p=Pure%2BBS,https://pureforyou.com/,pureforyou.com pureforyou.com Personalized Nutritional Supplements | Pure Encapsulations,11,42,false,false,2026-02-08
24,Pure+Genius+tv - Yahoo Search Results,https://search.yahoo.com/mobile/sapp?ei=UTF-8&p=Pure%2BGenius%2Btv,https://pureforyou.com/,pureforyou.com pureforyou.com Personalized Nutritional Supplements | Pure Encapsulations,11,39,false,false,2025-09-06
24,Pure+Pwnage+tv - Yahoo Search Results,https://search.yahoo.com/mobile/sapp?ei=UTF-8&p=Pure%2BPwnage%2Btv,https://pureforyou.com/,pureforyou.com pureforyou.com Personalized Nutritional Supplements | Pure Encapsulations,11,35,false,false,2025-10-07
24,Pure Encapsulations (pure_encapsulations) | Official Pinterest account,https://www.pinterest.com/pure_encapsulations/,http://pureforyou.com/,pureforyou.com ; Opens a new tab,1,9,false,false,2025-02-02
23,Kyle+Petty - de búsqueda,https://ar.search.yahoo.com/mobile/s?ei=UTF-8&p=Kyle%2BPetty,https://pureforyou.com/pages/pure-difference,pureforyou.com › pages › pure-difference Pure Difference | Pure Encapsulations - Purely For You,14,46,false,false,2025-11-10
23,Kyle+Petty - de búsqueda,https://ar.search.yahoo.com/mobile/s?ei=UTF-8&p=Kyle%2BPetty,https://pureforyou.com/,pureforyou.com Personalized Nutritional Supplements | Pure Encapsulations,14,46,false,false,2025-11-10
23,Derrick+Gaffney - Yahoo Suchergebnisse,https://at.search.yahoo.com/mobile/s?_intl=at&_lang=de&age=1w&ei=UTF-8&p=Derrick%2BGaffney,https://pureforyou.com/pages/pure-difference,pureforyou.com › pages › pure-difference Pure Difference | Pure Encapsulations - Purely For You,13,44,false,false,2025-07-17
23,Derrick+Gaffney - Yahoo Suchergebnisse,https://at.search.yahoo.com/mobile/s?_intl=at&_lang=de&age=1w&ei=UTF-8&p=Derrick%2BGaffney,https://pureforyou.com/,pureforyou.com Personalized Nutritional Supplements | Pure Encapsulations,13,44,false,false,2025-07-17
23,Pure+O - Yahoo Canada Search Results,https://ca.search.yahoo.com/mobile/s?ei=UTF-8&p=Pure%2BO,https://pureforyou.com/,pureforyou.com Personalized Nutritional Supplements | Pure Encapsulations,17,53,false,false,2026-05-28
23,Ben+Gage - Yahoo Canada Search Results,https://ca.search.yahoo.com/mobile/s?ei=UTF-8&q=Ben%2BGage,https://pureforyou.com/,pureforyou.com Personalized Nutritional Supplements | Pure Encapsulations,16,48,false,false,2025-09-29
23,Grosvenor+Grammar+School - Yahoo Suchergebnisse,https://ch.search.yahoo.com/mobile/s?ei=UTF-8&q=Grosvenor%2BGrammar%2BSchool,https://pureforyou.com/pages/about-us,pureforyou.com › pages › about-us The Pure Difference | Pure Encapsulations - Purely For You,10,28,false,false,2025-11-29
23,Grosvenor+Grammar+School - Yahoo Suchergebnisse,https://ch.search.yahoo.com/mobile/s?ei=UTF-8&q=Grosvenor%2BGrammar%2BSchool,https://pureforyou.com/,pureforyou.com Personalized Nutritional Supplements | Pure Encapsulations,10,28,false,false,2025-11-29
23,Joe+McGinty - Yahoo Suche Suchergebnisse,https://de.search.yahoo.com/mobile/s?age=1w&ei=UTF-8&p=Joe%2BMcGinty,https://pureforyou.com/,pureforyou.com Personalized Nutritional Supplements | Pure Encapsulations,9,43,false,false,2026-03-02
23,Bill+Burr - søgeresultater fra Yahoo,https://dk.search.yahoo.com/mobile/s?b=57&ei=UTF-8&pstart=3&pz=7&q=Bill%2BBurr,https://pureforyou.com/,pureforyou.com Personalized Nutritional Supplements | Pure Encapsulations,10,31,false,false,2025-10-04
23,Someday+or+One+Day - Resultados de la búsqueda Yahoo España,https://es.search.yahoo.com/mobile/s?ei=UTF-8&p=Someday%2Bor%2BOne%2BDay&xargs=0,https://pureforyou.com/,pureforyou.com Personalized Nutritional Supplements | Pure Encapsulations,10,23,false,false,2026-03-15
23,Milo+Gibson - Yahoo Search - Actualités,https://fr.search.yahoo.com/mobile/s?age&btf&ei=UTF-8&fr2=showall&p=Milo%2BGibson,https://pureforyou.com/,pureforyou.com Personalized Nutritional Supplements | Pure Encapsulations,13,55,false,false,2025-10-08
23,Chris+Neill - Yahoo Search - Actualités,https://fr.search.yahoo.com/mobile/s?age=1d&ei=UTF-8&p=Chris%2BNeill,https://smartq.pureforyou.com/products/32040795439138/zinc-30,smartq.pureforyou.com › 32040795439138 › zinc-30 Zinc 30 | Pure Encapsulations - Pureforyou.com,8,29,false,false,2026-02-08
23,Yahoo - bzi+utah - Αποτελέσματα Αναζήτησης,https://gr.search.yahoo.com/mobile/s?b=29&ei=UTF-8&p=bzi%2Butah&pz=7&xargs=0,https://smartq.pureforyou.com/products/33055608307746/magnesium-glycinate-liquid,smartq.pureforyou.com › products › 33055608307746 Magnesium Glycinate liquid | Pure Encapsulations,10,22,false,false,2026-01-06
23,Seohyun - de búsqueda,https://pe.search.yahoo.com/mobile/s?age=1w&ei=UTF-8&nojs=1&p=Seohyun,https://pureforyou.com/,pureforyou.com Personalized Nutritional Supplements | Pure Encapsulations,16,65,false,false,2026-02-20
23,John+Phillips - Yahoo Recherche - Actualités,https://qc.search.yahoo.com/mobile/s?age=1w&ei=UTF-8&p=John%2BPhillips&xargs=0,https://smartq.pureforyou.com/products/33055588581410/nutrient-950-without-iron-180,smartq.pureforyou.com › products › 33055588581410 Nutrient 950 ® without iron | Pure Encapsulations,15,66,false,false,2025-07-17
23,Pure+Country - Результаты поиска Yahoo,https://ru.search.yahoo.com/mobile/s?ei=UTF-8&q=Pure%2BCountry,https://pureforyou.com/,pureforyou.com Personalized Nutritional Supplements | Pure Encapsulations,10,21,false,false,2026-05-23
23,Pure+Country:+Pure+Heart - Yahoo Search Results,https://search.yahoo.com/mobile/s?ei=UTF-8&fl=1&p=Pure%2BCountry%3A%2BPure%2BHeart,https://pureforyou.com/,pureforyou.com https://pureforyou.com Personalized Nutritional Supplements | Pure Encapsulations,11,42,false,false,2026-04-06
23,Pure+Country:+Pure+Heart - Yahoo Search Results,https://search.yahoo.com/mobile/s?ei=UTF-8&fl=1&p=Pure%2BCountry%3A%2BPure%2BHeart,https://pureforyou.com/,pureforyou.com pureforyou.com Personalized Nutritional Supplements | Pure Encapsulations,11,42,false,false,2025-11-12
23,Pure+Flix+Entertainment - Yahoo Search Results,https://search.yahoo.com/mobile/s?ei=UTF-8&fl=1&p=Pure%2BFlix%2BEntertainment,https://pureforyou.com/,pureforyou.com pureforyou.com Personalized Nutritional Supplements | Pure Encapsulations,14,53,false,false,2025-11-05
23,Pure+BS - Yahoo Search Results,https://search.yahoo.com/mobile/sapp?ei=UTF-8&p=Pure%2BBS,https://pureforyou.com/,pureforyou.com pureforyou.com Personalized Nutritional Supplements | Pure Encapsulations,11,43,false,false,2026-01-26
23,Pure+BS - Yahoo Search Results,https://search.yahoo.com/tablet/s?ei=UTF-8&p=Pure%2BBS,https://pureforyou.com/,pureforyou.com pureforyou.com Personalized Nutritional Supplements | Pure Encapsulations,11,41,false,false,2025-06-18
23,Pure+BS - Yahoo Search Results,https://search.yahoo.com/tablet/s?ei=UTF-8&p=Pure%2BBS,https://pureforyou.com/,pureforyou.com https://pureforyou.com Personalized Nutritional Supplements | Pure Encapsulations,8,40,false,false,2026-05-05
23,Pure+Horsehair - Yahoo Search Results,https://search.yahoo.com/tablet/s?ei=UTF-8&p=Pure%2BHorsehair,https://pureforyou.com/,pureforyou.com pureforyou.com Personalized Nutritional Supplements | Pure Encapsulations,11,33,false,false,2026-02-22
23,Pure+Luck+movie - Yahoo Search Results,https://search.yahoo.com/tablet/s?ei=UTF-8&p=Pure%2BLuck%2Bmovie,https://pureforyou.com/,pureforyou.com pureforyou.com Personalized Nutritional Supplements | Pure Encapsulations,8,42,false,false,2026-01-23
23,Pure+Pwnage+tv - Yahoo Search Results,https://search.yahoo.com/tablet/s?ei=UTF-8&p=Pure%2BPwnage%2Btv,https://pureforyou.com/,pureforyou.com pureforyou.com Personalized Nutritional Supplements | Pure Encapsulations,11,34,false,false,2025-09-19
23,Pure+tv - Yahoo Search Results,https://search.yahoo.com/tablet/s?ei=UTF-8&p=Pure%2Btv,https://pureforyou.com/,pureforyou.com pureforyou.com Personalized Nutritional Supplements | Pure Encapsulations,13,58,false,false,2025-09-01
23,The+Amazing+Spider-Man+(film) - Yahoo Turkey Arama Sonuçları,https://tr.search.yahoo.com/mobile/s?age=1w&ei=UTF-8&q=The%2BAmazing%2BSpider-Man%2B%28film%29,https://pureforyou.com/,pureforyou.com Personalized Nutritional Supplements | Pure Encapsulations,10,20,false,false,2026-01-04
23,信音 - Yahoo奇摩 搜尋結果,https://tw.search.yahoo.com/mobile/s?ei=UTF-8&fl=0&p=%E4%BF%A1%E9%9F%B3&rd=r1,https://pureforyou.com/,pureforyou.com Personalized Nutritional Supplements | Pure Encapsulations ...,11,95,false,false,2025-10-06
23,信音 - Yahoo奇摩 搜尋結果,https://tw.search.yahoo.com/mobile/s?ei=UTF-8&fl=0&p=%E4%BF%A1%E9%9F%B3&rd=r1,https://pureforyou.com/pages/about-us,pureforyou.com › pages › about-us The Pure Difference | Pure Encapsulations - Purely For You ...,11,95,false,false,2025-10-06
23,Brian+Flenniken - Yahoo Search Results,https://uk.search.yahoo.com/mobile/s?_tsrc=apple&ei=UTF-8&first=1&p=Brian%2BFlenniken,https://pureforyou.com/pages/pure-difference,pureforyou.com › pages › pure-difference Pure Difference | Pure Encapsulations - Purely For You,11,30,false,false,2026-02-23
23,Brian+Flenniken - Yahoo Search Results,https://uk.search.yahoo.com/mobile/s?_tsrc=apple&ei=UTF-8&first=1&p=Brian%2BFlenniken,https://pureforyou.com/,pureforyou.com Personalized Nutritional Supplements | Pure Encapsulations,11,30,false,false,2026-02-23
23,Lucius+Tiberius+Claudius+Pompeianus - Yahoo Search Results,https://uk.search.yahoo.com/mobile/s?_tsrc=apple&ei=UTF-8&first=1&p=Lucius%2BTiberius%2BClaudius%2BPompeianus,https://pureforyou.com/,pureforyou.com Personalized Nutritional Supplements | Pure Encapsulations,11,30,false,false,2025-09-17
23,Pure - Yahoo Search Results,https://uk.search.yahoo.com/tablet/s?b=141&ei=UTF-8&p=Pure&pz=7&xargs=0,https://smartq.pureforyou.com/login,smartq.pureforyou.com Personalized Wellness Questionnaire | Pure Encapsulations,7,40,false,false,2026-03-16
23,Stephen+Pope - de búsqueda,https://ve.search.yahoo.com/mobile/s?age=1w&ei=UTF-8&fl=40&p=Stephen%2BPope,https://pureforyou.com/,pureforyou.com Personalized Nutritional Supplements | Pure Encapsulations,10,27,false,false,2026-04-01
23,Stephen+Pope - de búsqueda,https://ve.search.yahoo.com/mobile/s?age=1w&ei=UTF-8&fl=40&p=Stephen%2BPope,https://pureforyou.com/pages/about-us,pureforyou.com › pages › about-us The Pure Difference | Pure Encapsulations - Purely For You,10,27,false,false,2026-04-01
22,Pure - Bing,http://rewards.bing.com/search?FORM=KCEXPL&q=Pure,https://pureforyou.com/,pureforyou.com https:// pure foryou.com,27,23,false,false,2025-12-14
22,Pure - Bing,http://rewards.bing.com/search?FORM=KCEXPL&q=Pure,https://pureforyou.com/,Personalized Nutritional Supplements | Pure Encapsulations,27,23,false,false,2025-12-14
22,pure+xbox+360 - Bing,http://rewards.bing.com/search?FORM=QSRE8&q=pure%2Bxbox%2B360,https://pureforyou.com/,pureforyou.com https:// pure foryou.com,28,21,false,false,2026-03-07
22,pure+xbox+360 - Bing,http://rewards.bing.com/search?FORM=QSRE8&q=pure%2Bxbox%2B360,https://pureforyou.com/,Personalized Nutritional Supplements | Pure Encapsulations,28,21,false,false,2026-03-07
22,EFA+Kits - Search Images,https://4.bing.com/images/search?FORM=IRMHEP&q=EFA%2BKits,https://smartq.pureforyou.com/products/39354415710242/efa-essentials,smartq.pureforyou.com,38,348,false,false,2026-03-08
22,Vitamin+D3+Supplement - Search Images,https://4.bing.com/images/search?FORM=IRMHRS&q=Vitamin%2BD3%2BSupplement,https://smartq.pureforyou.com/products/32040792883234/vitamin-d3,smartq.pureforyou.com,37,368,false,false,2026-03-08
21,pure+roms - Bing,http://rewards.bing.com/search?FORM=QSRE14&q=pure%2Broms,https://pureforyou.com/,Personalized Nutritional Supplements | Pure Encapsulations,27,23,false,false,2025-09-15
21,pure+roms - Bing,http://rewards.bing.com/search?FORM=QSRE14&q=pure%2Broms,https://pureforyou.com/,pureforyou.com https:// pure foryou.com,27,23,false,false,2025-09-15
21,pure+Xbox - Bing,http://rewards.bing.com/search?FORM=QSRE3&q=pure%2BXbox,https://pureforyou.com/,pureforyou.com https:// pure foryou.com,26,24,false,false,2025-10-02
21,pure+Xbox - Bing,http://rewards.bing.com/search?FORM=QSRE3&q=pure%2BXbox,https://pureforyou.com/,Personalized Nutritional Supplements | Pure Encapsulations,26,24,false,false,2025-10-02
21,pure+xbox+360 - Bing,http://rewards.bing.com/search?FORM=QSRE4&q=pure%2Bxbox%2B360,https://pureforyou.com/,pureforyou.com https:// pure foryou.com,26,24,false,false,2025-10-01
21,pure+xbox+360 - Bing,http://rewards.bing.com/search?FORM=QSRE4&q=pure%2Bxbox%2B360,https://pureforyou.com/,Personalized Nutritional Supplements | Pure Encapsulations,26,24,false,false,2025-10-01
21,pure+bloom - Bing,http://rewards.bing.com/search?FORM=QSRE6&q=pure%2Bbloom,https://pureforyou.com/,Personalized Nutritional Supplements | Pure Encapsulations,27,23,false,false,2026-04-03
21,pure+bloom - Bing,http://rewards.bing.com/search?FORM=QSRE6&q=pure%2Bbloom,https://pureforyou.com/,pureforyou.com https:// pure foryou.com,27,23,false,false,2026-04-03
21,pure+medias - Bing,http://rewards.bing.com/search?FORM=QSRE6&q=pure%2Bmedias,https://pureforyou.com/,pureforyou.com https:// pure foryou.com,28,21,false,false,2026-01-18
21,pure+medias - Bing,http://rewards.bing.com/search?FORM=QSRE6&q=pure%2Bmedias,https://pureforyou.com/,Personalized Nutritional Supplements | Pure Encapsulations,28,21,false,false,2026-01-18
21,pure+roms - Bing,http://rewards.bing.com/search?FORM=QSRE6&q=pure%2Broms,https://pureforyou.com/,pureforyou.com https:// pure foryou.com,28,21,false,false,2025-08-19
21,pure+roms - Bing,http://rewards.bing.com/search?FORM=QSRE6&q=pure%2Broms,https://pureforyou.com/,Personalized Nutritional Supplements | Pure Encapsulations,28,21,false,false,2025-08-19
21,Curcumin+Bioperine - Search Images,https://4.bing.com/images/search?FORM=IRMHEP&q=Curcumin%2BBioperine,https://smartq.pureforyou.com/products/32040735997986/curcumin-500-with-bioperine,smartq.pureforyou.com,33,410,false,false,2025-07-20
21,D3+Supplement - Search Images,https://4.bing.com/images/search?FORM=IRMHIP&q=D3%2BSupplement,https://smartq.pureforyou.com/products/32040792883234/vitamin-d3,smartq.pureforyou.com,41,352,false,false,2025-12-30
21,NAC+Glycine - Search Images,https://4.bing.com/images/search?FORM=IRMHIP&q=NAC%2BGlycine,https://pureforyou.com/products/nac-glycine-powder,pureforyou.com,33,370,false,false,2025-04-09
21,ERROR 404 - rretex,https://rretexesf.blogspot.com/%C2%A0,https://pureforyou.com/,connectwithpure,13510,5,true,false,2026-04-21
21,ERROR 404 - ServingVibes,https://servingvibes.blogspot.com/%C2%A0,https://pureforyou.com/,connectwithpure,13510,5,true,false,2026-03-07
20,The NAD+ episode - by Jenny Evans - Lit From Within,https://beautygrass.substack.com/p/the-nad-episode,https://smartq.pureforyou.com/products/32040734031906/coq10-120-mg,Pure Encapsulations CoQ10,26,20,false,false,2025-11-15
20,The NAD+ episode - by Jenny Evans - Lit From Within,https://beautygrass.substack.com/p/the-nad-episode,https://smartq.pureforyou.com/products/42756074209314/nr-longevity,Pure Encapsulations NR Longevity,26,20,false,false,2025-11-15
20,Immune Wellness Essentials: Habits and Support for the Season,https://betsyscher.substack.com/p/immune-wellness-essentials-habits,https://smartq.pureforyou.com/products/39406546288674/vitamin-d3?adgroupid=171519970260&campaignid=21925474073&device=c&gad_campaignid=21925474073&gad_source=1&gbraid=0AAAAABy7AiyVBb0QZcvwzAHhCCC7K4M_S&gclsrc=aw.ds&network=g,Pure Encapsulations Vitamin D3,37,17,false,false,2025-11-12
20,Immune Wellness Essentials: Habits and Support for the Season,https://betsyscher.substack.com/p/immune-wellness-essentials-habits,https://smartq.pureforyou.com/products/39406546288674/vitamin-d3?adgroupid=171519970260&campaignid=21925474073&device=c&gad_campaignid=21925474073&gad_source=1&gbraid=0AAAAABy7AiyVBb0QZcvwzAHhCCC7K4M_S&gclsrc=aw.ds&network=g,,37,17,false,false,2025-11-12
20,Immune Wellness Essentials: Habits and Support for the Season,https://betsyscher.substack.com/p/immune-wellness-essentials-habits,https://smartq.pureforyou.com/products/39354440515618/nac-600-mg-90-capsules,NAC – 600 mg,37,17,false,false,2025-11-12
20,Immune Wellness Essentials: Habits and Support for the Season,https://betsyscher.substack.com/p/immune-wellness-essentials-habits,https://smartq.pureforyou.com/products/32040795439138/zinc-30,Pure Encapsulations Zinc 30,37,17,false,false,2025-11-12
20,Immune Wellness Essentials: Habits and Support for the Season,https://betsyscher.substack.com/p/immune-wellness-essentials-habits,https://smartq.pureforyou.com/products/32040795439138/zinc-30,,37,17,false,false,2025-11-12
20,"Breaking Through Intensive Therapy: Sports Rehab, PT and More.",https://breakingthroughit.com/,https://pureforyou.com/,pure-encapsulations,12,57,false,true,2025-01-10
20,herbal support for the end of the world - by Zoë - Email Me,https://emailme.substack.com/p/herbal-support-for-the-end-of-the,https://smartq.pureforyou.com/products/39354440515618/nac-600-mg-90-capsules?adgroupid&campaignid=18372003585&device=c&gad_source=1&gbraid=0AAAAABy7AixO-8fRWXqdT18pojaR2Ezy_&network=x,Pure Encapsulations,11,10,false,false,2025-06-04
20,The December Digest: Set Your New Year Up For Success,https://faithreed.substack.com/p/the-december-digest-set-your-new,https://smartq.pureforyou.com/products/39410161811490/magnesium-glycinate?adgroupid&campaignid=18372003585&device=c&g_acctid=601-424-8099&g_adgroupid&g_adid&g_adtype=none&g_campaign=All%2BProducts%2B%7C%2BPmax%2B%7C%2BGoogle%2B%7C%2BBranded&g_campaignid=18372003585&g_keyword&g_keywordid&g_network=x&gad_campaignid=17415754920&gad_source=1&gbraid=0AAAAABy7Aiw3h3ZWiFOgkQgto3vldPnqq&gclsrc=aw.ds&network=x,magnesium,33,10,false,false,2026-01-31
20,The September Digest: The Muck of Misalignment,https://faithreed.substack.com/p/the-september-digest-the-muck-of,https://smartq.pureforyou.com/products/39410161811490/magnesium-glycinate?adgroupid=171519969980&campaignid=21925474073&device=c&gad_campaignid=21925474073&gad_source=1&gbraid=0AAAAABy7AixeqkAiXGzJ-JXD5eHEKsjuI&gclsrc=aw.ds&network=g,Magnesium Glycinate,23,16,false,false,2025-12-13
20,Comments - HOW TO DETOXIFY FROM VACCINATIONS & HEAVY METALS,https://genevathatcher.substack.com/p/how-to-detoxify-from-vaccinations/comments,https://smartq.pureforyou.com/products/39400274690082/hm-complex,https://smartq.pureforyou.com/products/39400274690082/hm-complex,16,120,true,false,2024-07-26
20,How To Actually Get Good Sleep - by Danielle D’Ambrosio,https://homewellnessarchitect.substack.com/p/how-to-actually-get-good-sleep,https://smartq.pureforyou.com/products/39410161811490/magnesium-glycinate,Magnesium glycinate,15,12,false,false,2026-04-11
20,Jessica Zenteno | Instagram | Linktree,https://linktr.ee/Zen.jess,https://pureforyou.com/,Pure Encapsulations Supplements Use Zenjess888 Save 15% Pure Encapsulations Supplements Use Zenjess888 Save 15%,7,93,false,false,2026-01-07
20,Jessica Zenteno | Instagram | Linktree,https://linktr.ee/Zen.jess,https://pureforyou.com/,Pure Encapsulations Supplements Use Zenjess888 Save 15%,6,2,false,false,2025-09-09
20,"_paigemewithacure | Instagram, TikTok | Linktree",https://linktr.ee/_paigemewithacure,https://pureforyou.com/,Pure Encapsulations - Shop Vitamins Pure Encapsulations - Shop Vitamins,4,57,false,false,2025-11-08
20,"iamwendyrobinson | Instagram, Facebook, TikTok | Linktree",https://linktr.ee/iamwendyrobinson,https://pureforyou.com/,Pure Encapsulations - Vitamin Quiz Pure Encapsulations - Vitamin Quiz,12,57,false,false,2025-10-17
20,"lizweiss | Instagram, Facebook, TikTok | Linktree",https://linktr.ee/lizweiss,https://smartq.pureforyou.com/products/32040765095970/memory-pro,Memory Pro: Supplement to support brain health,389,57,false,false,2025-03-07
20,"taylorwirht | Instagram, TikTok | Linktree",https://linktr.ee/taylorwirht,https://pureforyou.com/,Pure Encapsulations 15% off Code: THANKS15 Pure Encapsulations 15% off Code: THANKS15,12,2,false,false,2025-12-10
20,"taylorwirht | Instagram, TikTok | Linktree",https://linktr.ee/taylorwirht,https://pureforyou.com/,Pure Encapsulations 15% off Code: THANKS15,12,2,false,false,2025-04-16
20,"thescottreed Official: TikTok, Instagram, X, Facebook, Twitch | Linktree",https://linktr.ee/thescottreed,https://pureforyou.com/,Pure Encapsulations Pure Encapsulations,5,93,false,false,2025-10-08
20,"thescottreed Official: TikTok, Instagram, X, Facebook, Twitch | Linktree",https://linktr.ee/thescottreed,https://pureforyou.com/,Pure Encapsulations,5,93,false,false,2025-07-18
20,Are you taking the best supplements for your body?,https://lizbane18.substack.com/p/are-you-taking-the-best-supplements,https://pureforyou.com/,PURE Encapsulations,17,16,false,false,2025-02-22
20,A Day in the Life of a (Scientific) Supplement Slut,https://sarahvillafranco.substack.com/p/a-day-in-the-life-of-a-scientific,https://smartq.pureforyou.com/products/33055559221282/cortisol-calm-60,Cortisol Calm,30,19,false,false,2026-01-25
20,A Day in the Life of a (Scientific) Supplement Slut,https://sarahvillafranco.substack.com/p/a-day-in-the-life-of-a-scientific,https://smartq.pureforyou.com/products/33055632883746/l-theanine-60,L-Theanine,30,19,false,false,2026-01-25
20,Selected Inventory of Small Intestine Detoxification Supports,https://waynelusvardi.substack.com/p/selected-inventory-of-small-intestine,https://smartq.pureforyou.com/search?q=intestine,https://smartq.pureforyou.com/search?q=intestine,16,15,false,false,2024-11-24
20,11 Dermatologists on the Supplements They Take for Their Own Skin and Hair | Allure,https://www.allure.com/story/dermatologists-on-supplements,https://smartq.pureforyou.com/products/41031927431202/vitamin-d3-k2,Pure Encapsulations,84,43,true,false,2025-11-19
20,What Is D-Mannose And Can It Help Prevent UTIs? Doctors Explain,https://www.womenshealthmag.com/health/a64503103/d-mannose-urinary-tract-infections-utis/,https://smartq.pureforyou.com/products/33055565185058/d-mannose-powder-176?adgroupid&campaignid=18372003585&device=c&gad_source=1&gclsrc=aw.ds&network=x,D-Mannose Powder,33,71,true,false,2025-05-03
20,What Is D-Mannose And Can It Help Prevent UTIs? Doctors Explain,https://www.womenshealthmag.com/health/a64503103/d-mannose-urinary-tract-infections-utis/,https://smartq.pureforyou.com/products/33055565185058/d-mannose-powder-176?adgroupid&campaignid=18372003585&device=c&gad_source=1&gclsrc=aw.ds&network=x,$56 at pureforyou.com,33,71,true,false,2025-05-11
20,Small Companions of Ordinary Days - by Zivar Amrami,https://zivaramrami.substack.com/p/small-companions-of-ordinary-days,https://smartq.pureforyou.com/products/39410161811490/magnesium-glycinate,Pure Encapsulations Magnesium,22,10,false,false,2026-04-17
19,How the pros travel: The skincare edition - by Jenny Evans,https://beautygrass.substack.com/p/how-the-pros-travel-the-skincare,https://smartq.pureforyou.com/products/39630117666850/alpha-lipoic-acid-600-mg,Alpha Lipoic Acid,45,22,false,false,2025-09-05
19,How the pros travel: The skincare edition - by Jenny Evans,https://beautygrass.substack.com/p/how-the-pros-travel-the-skincare,https://smartq.pureforyou.com/products/39410161811490/magnesium-glycinate,"Biodance Sheet Mask (with glacial water, panthenol, ceramides",45,22,false,false,2025-04-07
19,How the pros travel: The skincare edition - by Jenny Evans,https://beautygrass.substack.com/p/how-the-pros-travel-the-skincare,https://smartq.pureforyou.com/products/39410161811490/magnesium-glycinate,"Magic Molecule Spray (Antibacterial, sunburn relief)",45,22,false,false,2025-04-07
19,How the pros travel: The skincare edition - by Jenny Evans,https://beautygrass.substack.com/p/how-the-pros-travel-the-skincare,https://smartq.pureforyou.com/products/39410161811490/magnesium-glycinate,Pure Encapsulations Magnesium Glycinate,45,22,false,false,2025-04-07
19,My Supplement Stack - by Jenny Evans - Lit From Within,https://beautygrass.substack.com/p/the-6-best-supplements-for-skin,https://smartq.pureforyou.com/products/39630117666850/alpha-lipoic-acid-600-mg,Alpha-lipoic acid,20,13,false,false,2025-11-09
19,You See What You Seek - by Cam Vidal - The Vidal Vignette,https://cameronvidal.substack.com/p/you-see-what-you-seek,https://smartq.pureforyou.com/products/39406546288674/vitamin-d3,"Pure Encapsulations Vitamnin D (5,000 IU)",26,10,false,false,2024-12-08
19,You See What You Seek - by Cam Vidal - The Vidal Vignette,https://cameronvidal.substack.com/p/you-see-what-you-seek,https://smartq.pureforyou.com/products/39628621512738/vitamin-d3-25-60,"Pure Encapsulations Vitamin D (1,000 IU)",26,10,false,false,2024-12-08
19,You See What You Seek - by Cam Vidal - The Vidal Vignette,https://cameronvidal.substack.com/p/you-see-what-you-seek,https://smartq.pureforyou.com/products/39251840991266/o-n-e-multivitamin,Pure Encapsulations O.N.E. Multivitamin,26,10,false,false,2024-12-08
19,How I'm Limiting My Exposure to Heavy Metals (Without Losing My Mind),https://carlykremer.substack.com/p/how-im-limiting-my-exposure-to-heavy,https://smartq.pureforyou.com/products/33055653658658/calcium-d-glucarate-60?adgroupid&campaignid=18372003585&device=c&gad_campaignid=17415754920&gad_source=1&gbraid=0AAAAABy7AiwCgwhaY2bofH5e_HY3Rfn6v&gclsrc=aw.ds&network=x,Pure Encapsulations,11,17,false,false,2025-11-19
19,The March Digest: You Can Choose Your Mentors,https://faithreed.substack.com/p/the-march-digest-you-can-choose-your,https://smartq.pureforyou.com/products/32040736817186/digestive-enzymes-ultra?adgroupid&campaignid=18372003585&device=c&g_acctid=601-424-8099&g_adgroupid&g_adid&g_adtype=none&g_campaign=All%2BProducts%2B%7C%2BPmax%2B%7C%2BGoogle%2B%7C%2BBranded&g_campaignid=18372003585&g_keyword&g_keywordid&g_network=x&gad_campaignid=17415754920&gad_source=1&gbraid=0AAAAABy7Aix3hrkuILzu565zaTSG-kmqq&gclsrc=aw.ds&network=x,Pure Encapsulations Digestive Enzymes,30,12,false,false,2026-03-13
19,The November Digest: On Dharma & Surrender - by Faith Reed,https://faithreed.substack.com/p/the-november-digest-on-dharma-and,https://smartq.pureforyou.com/products/39410161811490/magnesium-glycinate?adgroupid=135861087005&campaignid=17427508240&device=c&g_acctid=601-424-8099&g_adgroupid=135861087005&g_adid=602337913080&g_adtype=search&g_campaign=DTC%2B%7C%2BMultivitamins%2C%2BVitamins%2C%2B%26%2BMinerals%2B%7C%2BSearch%2B%7C%2BGoogle%2B%7C%2BBranded&g_campaignid=17427508240&g_keyword=pure%20encapsulations%20magnesium&g_keywordid=kwd-4996122206&g_network=g&gad_campaignid=17427508240&gad_source=1&gbraid=0AAAAABy7AiwsGth5yw1nipQYqhaUgxtUJ&gclsrc=aw.ds&network=g,Pure Encapsulations,24,16,false,false,2025-12-22
19,"#1 | Welcome, AG1 Controversy, The Dangers of Misleading Marketing, Overcoming Doubt...",https://founderswellth.substack.com/p/1-welcome-ag1-controversy-overcoming,https://smartq.pureforyou.com/products/33055569575970/vitamin-d3-250-60?adgroupid=125267426781&campaignid=14938976605&device=c&gad_source=1&network=g,vitamin d3,20,10,false,false,2025-12-23
19,"#1 | Welcome, AG1 Controversy, The Dangers of Misleading Marketing, Overcoming Doubt...",https://founderswellth.substack.com/p/1-welcome-ag1-controversy-overcoming,https://smartq.pureforyou.com/products/32040777744418/o-n-e-multivitamin?adgroupid=125267426781&campaignid=14938976605&device=c&gad_source=1&network=g,multivitamin,20,10,false,false,2025-12-23
19,"#1 | Welcome, AG1 Controversy, The Dangers of Misleading Marketing, Overcoming Doubt...",https://founderswellth.substack.com/p/1-welcome-ag1-controversy-overcoming,https://pureforyou.com/,Pure Encapsulations,20,10,false,false,2025-12-23
19,"Interstitial Cystitis, Bladder, and Urinary Tract Infections: Natural Treatments and Healing",https://killersandhealers.substack.com/p/interstitial-cystitis-bladder-and,https://smartq.pureforyou.com/products/33055565185058/d-mannose-powder-176?adgroupid&campaignid=18372003585&device=c&gad_source=1&network=x,D-mannose,24,17,false,false,2025-02-06
19,Dr. Catherine Chang Shares Her Skincare Secrets,https://letsgowindowshopping.substack.com/p/dr-catherine-chang-shares-her-skincare,https://smartq.pureforyou.com/search?adgroupid=134048318802&campaignid=15934318933&device=c&gad_campaignid=15934318933&gad_source=1&gbraid=0AAAAABy7AizDGT-hhRBB0tisXdK6efHjR&gclsrc=aw.ds&network=g&q=ubiquinol%2Bqh,,38,9,false,false,2025-10-19
19,Dr. Catherine Chang Shares Her Skincare Secrets,https://letsgowindowshopping.substack.com/p/dr-catherine-chang-shares-her-skincare,https://smartq.pureforyou.com/search?adgroupid=134048318802&campaignid=15934318933&device=c&gad_campaignid=15934318933&gad_source=1&gbraid=0AAAAABy7AizDGT-hhRBB0tisXdK6efHjR&gclsrc=aw.ds&network=g&q=ubiquinol%2Bqh,ubiquinol,38,9,false,false,2025-10-19
19,Post Vacation Reset - by Chelsea - Nourished & Neutrals,https://nourishedandneutrals.substack.com/p/post-vacation-reset,https://smartq.pureforyou.com/products/39410161811490/magnesium-glycinate?adgroupid=171519969980&campaignid=21925474073&device=c&gad_source=1&gbraid=0AAAAABy7AiwrOLlsfkQ8_Stv9orV9wNoc&gclsrc=aw.ds&network=g,Pills,16,15,false,false,2025-11-22
19,Daily Nutritional Supplements | Pure Encapsulations,https://patientdirect.pureencapsulationspro.com/,https://pureforyou.com/,Click here,5,20,false,false,2025-01-18
19,Pantry Stalker: Alli Bradley - Shaky Ground | Adjua Fisher,https://shakyground1111.substack.com/p/pantry-stalker-alli-bradley,https://smartq.pureforyou.com/products/39410161811490/magnesium-glycinate?adgroupid=171519969980&campaignid=21925474073&device=c&gad_source=1&network=g,PURE MAGNESIUM GLYCINATE,22,10,false,false,2025-05-07
19,Let My People Go… To The Bathroom - by Miranda Hammer,https://thecrunchybits.substack.com/p/let-my-people-go-to-the-bathroom,https://smartq.pureforyou.com/products/33055570264098/ultramag-magnesium?adgroupid=134048318802&campaignid=15934318933&device=c&g_acctid=601-424-8099&g_adgroupid=134048318802&g_adid=575795319504&g_adtype=search&g_campaign=DTC%2B%7C%2BGeneral%2BBrand%2B%7C%2BSearch%2B%7C%2BGoogle%2B%7C%2BBranded&g_campaignid=15934318933&g_keyword=pure%2Bencapsulations&g_keywordid=kwd-801175586&g_network=g&gad_campaignid=15934318933&gad_source=1&gbraid=0AAAAABy7AizTY7s7WZqMUhrM5W0v6J7xK&gclsrc=aw.ds&network=g,magnesium supplement.,31,16,false,false,2026-03-31
19,Let My People Go… To The Bathroom - by Miranda Hammer,https://thecrunchybits.substack.com/p/let-my-people-go-to-the-bathroom,https://smartq.pureforyou.com/products/33055641534498/gi-fortify-capsules?adgroupid=149379428574&campaignid=17427508237&device=c&g_acctid=601-424-8099&g_adgroupid=149379428574&g_adid=663743523090&g_adtype=search&g_campaign=DTC%2B%7C%2BCardiometabolic%2BHealth%2B%26%2BMetabolism%2B%7C%2BSearch%2B%7C%2BGoogle%2B%7C%2BBranded&g_campaignid=17427508237&g_keyword=pure%2Bencapsulations%2Btaurine&g_keywordid=kwd-303275839586&g_network=g&gad_campaignid=17427508237&gad_source=1&gbraid=0AAAAABy7Aiy1Ud8a3isDz-ATqqjrOZ8vp&gclsrc=aw.ds&network=g,G.I. Fortify Capsules,31,16,false,false,2026-03-31
19,Let My People Go… To The Bathroom - by Miranda Hammer,https://thecrunchybits.substack.com/p/let-my-people-go-to-the-bathroom,https://smartq.pureforyou.com/products/33055570264098/ultramag-magnesium?adgroupid=149379428574&campaignid=17427508237&device=c&g_acctid=601-424-8099&g_adgroupid=149379428574&g_adid=663743523090&g_adtype=search&g_campaign=DTC%2B%7C%2BCardiometabolic%2BHealth%2B%26%2BMetabolism%2B%7C%2BSearch%2B%7C%2BGoogle%2B%7C%2BBranded&g_campaignid=17427508237&g_keyword=pure%2Bencapsulations%2Btaurine&g_keywordid=kwd-303275839586&g_network=g&gad_campaignid=17427508237&gad_source=1&gbraid=0AAAAABy7Aiy1Ud8a3isDz-ATqqjrOZ8vp&gclsrc=aw.ds&network=g,Magnesium,31,16,false,false,2026-03-31
19,The 3 Supplements I Swear By,https://vincentjames.substack.com/p/the-3-supplements-i-swear-by,https://smartq.pureforyou.com/products/39410161811490/magnesium-glycinate?adgroupid=171519969980&campaignid=21925474073&device=c&gad_source=1&gclsrc=aw.ds&network=g,bottles,9,13,false,false,2025-05-13
19,Life Wellness Forever | Transform Your Health,https://www.lifewellnessforever.com/,https://smartq.pureforyou.com/drug-nutrient-interactions,Drug & Nutrient Interactions,21,28,false,true,2024-10-22
18,404 Not Found | Pure Encapsulations®,https://www.pureencapsulationspro.com/produtos/calcium-with-vitamin-d3-180s,https://pureforyou.com/,Consumer Site,7,98,false,false,2025-10-09
18,Do Hangover Products Really Work? Experts Weigh In,https://www.womenshealthmag.com/health/a66458661/hangover-products/,https://pureforyou.com/,Pure Encapsulations,51,74,false,false,2025-09-19
17,Pure Encapsulations Bestell- und Paketnachverfolgung | 17TRACK,https://www.17track.net/de/brands/pure-encapsulations,https://pureforyou.com/,https://pureforyou.com,6,39,true,false,2025-02-13
17,Pure Encapsulations Order & Package Tracking | 17TRACK,https://www.17track.net/en/brands/pure-encapsulations,https://pureforyou.com/,https://pureforyou.com,6,39,true,false,2025-02-10
17,Seguimiento de Pedidos y Paquetes Pure Encapsulations | 17TRACK,https://www.17track.net/es/brands/pure-encapsulations,https://pureforyou.com/,https://pureforyou.com,6,39,true,false,2025-09-20
17,Suivi de Commandes et Colis Pure Encapsulations | 17TRACK,https://www.17track.net/fr/brands/pure-encapsulations,https://pureforyou.com/,https://pureforyou.com,6,39,true,false,2025-02-12
17,Pure Encapsulations Tracciamento Ordini e Pacchi | 17TRACK,https://www.17track.net/it/brands/pure-encapsulations,https://pureforyou.com/,https://pureforyou.com,6,39,true,false,2025-02-09
17,Pure Encapsulations Rastreamento de Pedidos e Encomendas | 17TRACK,https://www.17track.net/pt/brands/pure-encapsulations,https://pureforyou.com/,https://pureforyou.com,6,39,true,false,2025-08-10
17,Pure Encapsulations订单和包裹跟踪 | 17TRACK,https://www.17track.net/zh-cn/brands/pure-encapsulations,https://pureforyou.com/,https://pureforyou.com,6,33,true,false,2025-12-13
17,Pure Encapsulations訂單和包裹追蹤 | 17TRACK,https://www.17track.net/zh-hk/brands/pure-encapsulations,https://pureforyou.com/,https://pureforyou.com,6,39,true,false,2025-05-20
17,9 Best Ashwagandha Supplements To Relax And Restore You - The Good Trade,https://www.thegoodtrade.com/features/best-ashwagandha-supplements/,https://smartq.pureforyou.com/products/33055689211938/ashwagandha,ashwagandha supplement,60,45,false,false,2025-12-16
17,9 Best Ashwagandha Supplements To Relax And Restore You - The Good Trade,https://www.thegoodtrade.com/features/best-ashwagandha-supplements/,https://smartq.pureforyou.com/products/33055689211938/ashwagandha,SHOP Pure Encapsulations,60,45,false,false,2025-12-16
17,9 Best Ashwagandha Supplements To Relax And Restore You - The Good Trade,https://www.thegoodtrade.com/features/best-ashwagandha-supplements/,https://smartq.pureforyou.com/products/33055689211938/ashwagandha,Read more reviews.,60,45,false,false,2025-12-16
17,9 Best Ashwagandha Supplements To Relax And Restore You - The Good Trade,https://www.thegoodtrade.com/features/best-ashwagandha-supplements/,https://smartq.pureforyou.com/products/33055689211938/ashwagandha,"A white bottle labeled ""Pure Encapsulations Ashwagandha"" dietary supplement, containing 120 capsules, on a plain gray background.",60,45,false,false,2025-12-16
17,9 Best Ashwagandha Supplements To Relax And Restore You - The Good Trade,https://www.thegoodtrade.com/features/best-ashwagandha-supplements/,https://smartq.pureforyou.com/products/33055689211938/ashwagandha,"A hand reaches for a white bottle labeled ""pure encapsulations Ashwagandha Pflanzen-Extrakt"" on a tabletop.",60,45,false,false,2025-12-16
17,9 Digestive Enzymes To Ease Your Gut (2026) - The Good Trade,https://www.thegoodtrade.com/features/best-digestive-enzymes-supplements/,https://smartq.pureforyou.com/products/32040736817186/digestive-enzymes-ultra,SHOP Pure,56,43,false,false,2025-02-14
17,9 Digestive Enzymes To Ease Your Gut (2026) - The Good Trade,https://www.thegoodtrade.com/features/best-digestive-enzymes-supplements/,https://smartq.pureforyou.com/products/32040736817186/digestive-enzymes-ultra,Read more reviews.,56,43,false,false,2025-02-14
17,9 Digestive Enzymes To Ease Your Gut (2026) - The Good Trade,https://www.thegoodtrade.com/features/best-digestive-enzymes-supplements/,https://smartq.pureforyou.com/products/32040736817186/digestive-enzymes-ultra,Pure,56,43,false,false,2025-02-14
17,9 Digestive Enzymes To Ease Your Gut (2026) - The Good Trade,https://www.thegoodtrade.com/features/best-digestive-enzymes-supplements/,https://smartq.pureforyou.com/products/32040736817186/digestive-enzymes-ultra,"A white bottle labeled ""Pure Encapsulations Digestive Enzymes Ultra"" with blue text, containing 90 capsules.",56,43,false,false,2025-02-14
17,9 Best Natural Fiber Supplements For Women (2026) - The Good Trade,https://www.thegoodtrade.com/features/best-fiber-supplement-for-women/,https://smartq.pureforyou.com/products/33055641731106/gi-fortify,"SHOP pure encapsulations’ Fiber Supplement, $54",62,41,false,false,2026-05-09
17,8 Best Natural Fiber Supplements For Women (2026) - The Good Trade,https://www.thegoodtrade.com/features/best-fiber-supplement-for-women/,https://smartq.pureforyou.com/products/33055641731106/gi-fortify,SHOP pure encapsulations,45,41,false,false,2024-11-29
17,9 Best Natural Fiber Supplements For Women (2026) - The Good Trade,https://www.thegoodtrade.com/features/best-fiber-supplement-for-women/,https://smartq.pureforyou.com/products/33055641731106/gi-fortify,Read all reviews,62,41,false,false,2026-05-09
17,9 Best Natural Fiber Supplements For Women (2026) - The Good Trade,https://www.thegoodtrade.com/features/best-fiber-supplement-for-women/,https://smartq.pureforyou.com/products/33055641731106/gi-fortify,Pure Encapsulations,62,41,false,false,2024-11-29
17,9 Best Natural Fiber Supplements For Women (2026) - The Good Trade,https://www.thegoodtrade.com/features/best-fiber-supplement-for-women/,https://smartq.pureforyou.com/products/33055641731106/gi-fortify,"A white container of Pure Encapsulations G.I. Fortify dietary supplement, 14.1 oz, labeled as a gluten-free, non-GMO, and hypoallergenic option among fiber supplements for women.",62,41,false,false,2024-11-29
17,9 Best Natural Fiber Supplements For Women (2026) - The Good Trade,https://www.thegoodtrade.com/features/best-fiber-supplement-for-women/,https://smartq.pureforyou.com/products/33055641731106/gi-fortify,"A person wearing a black fitness outfit holds a glass bottle of orange juice, ideal for pairing with fiber supplements for women, in front of their midsection. A fitness tracker is on their right wrist.",62,41,false,false,2024-11-29
17,Use this summer guide to choose your best workout supplements - The Manual,https://www.themanual.com/fitness/best-workout-supplements/,https://smartq.pureforyou.com/products/43591436894242/vitamin-d3-k2,Pure Vitamin D3 & K,44,86,false,false,2025-08-01
16,When did I ovulate? - Trying to Conceive | Forums | What to Expect,https://community.whattoexpect.com/forums/trying-to-conceive/topic/when-did-i-ovulate-170284127.html,https://smartq.pureforyou.com/products/39354440515618/nac-600-mg-90-capsules?adgroupid=171519970540&campaignid=21925474073&device=c&gad_source=1&gbraid=0AAAAABy7AixcYKkwNl1QRZwftWkGRXuMo&gclsrc=aw.ds&network=g,https://smartq.pureforyou.com/products/39354440515618/nac-600-mg-90-capsules?utm_source=google&utm_medium=cpc&utm_campaign=21925474073&utm_content=171519970540&utm_term=pure%20encapsulations%20nac&gclsrc=aw.ds&&campaignid=21925474073&adgroupid=171519970540&network=g&device=c&gad_source=1&gbraid=0AAAAABy7AixcYKkwNl1QRZwftWkGRXuMo&gclid=Cj0KCQjwhr6_BhD4ARIsAH1YdjB_78tfzKFdKhebo1QFpwcA4gt371bK2nd7IPiB1NymaeTaAmxaIwoaAhBhEALw_wcB,9,296,true,false,2025-09-28
16,The 5 Best Sleep Supplements For Women Of 2026 | mindbodygreen,https://www.mindbodygreen.com/articles/best-sleep-supplements-for-women,https://smartq.pureforyou.com/products/40583049084962/daily-pure-pack-healthy-sleep-v2,Pure Encapsulations Daily Pure Pack Healthy Sleep,65,102,false,false,2025-08-25
16,The 5 Best Sleep Supplements For Women Of 2026 | mindbodygreen,https://www.mindbodygreen.com/articles/best-sleep-supplements-for-women,https://smartq.pureforyou.com/products/40583049084962/daily-pure-pack-healthy-sleep-v2,Daily Pure Pack for Healthy Sleep,65,102,false,false,2025-08-25
16,The 5 Best Sleep Supplements For Women Of 2026 | mindbodygreen,https://www.mindbodygreen.com/articles/best-sleep-supplements-for-women,https://smartq.pureforyou.com/products/40583049084962/daily-pure-pack-healthy-sleep-v2,Check Price,65,102,true,false,2025-08-25
16,The 5 Best Sleep Supplements For Women Of 2026 | mindbodygreen,https://www.mindbodygreen.com/articles/best-sleep-supplements-for-women,https://smartq.pureforyou.com/products/40583049084962/daily-pure-pack-healthy-sleep-v2,,65,102,false,false,2025-08-25
16,CoQ10 - Category | Pure Encapsulations®,https://www.pureencapsulationspro.com/category/coq10.html,https://pureforyou.com/,Consumer Site,7,83,false,false,2026-03-10
16,7 Best Glutathione Supplements For Cellular Health - The Good Trade,https://www.thegoodtrade.com/features/glutathione-supplements/,https://smartq.pureforyou.com/products/33055630295074/liposomal-glutathione-30,SHOP Pure Encapsulations,49,45,false,false,2026-01-25
16,7 Best Glutathione Supplements For Cellular Health - The Good Trade,https://www.thegoodtrade.com/features/glutathione-supplements/,https://smartq.pureforyou.com/products/33055630295074/liposomal-glutathione-30,Pure Encapsulations,49,45,false,false,2026-01-25
16,7 Best Glutathione Supplements For Cellular Health - The Good Trade,https://www.thegoodtrade.com/features/glutathione-supplements/,https://smartq.pureforyou.com/products/33055630295074/liposomal-glutathione-30,"A white bottle labeled ""Pure Encapsulations Liposomal Glutathione,"" containing 30 softgel capsules, gluten-free and non-GMO dietary supplement.",49,45,false,false,2026-01-25
16,7 Best Glutathione Supplements For Cellular Health - The Good Trade,https://www.thegoodtrade.com/features/glutathione-supplements/,https://smartq.pureforyou.com/products/33055629115426/liposomal-glutathione-liquid,liquid form,49,45,false,false,2026-01-25
