month,Organic Traffic,Organic Keywords,Organic Traffic Cost,Paid Traffic,Paid Keywords,Paid Traffic Cost
2024-05,2965,829,5401,26431,349,38484
2024-06,2840,1512,5558,23477,247,40743
2024-07,3942,1972,7214,46101,699,71393
2024-08,7512,2525,12461,30879,287,56614
2024-09,9529,2824,14849,20742,74,40876
2024-10,12698,3541,17935,22566,369,43251
2024-11,11559,3780,15644,18653,187,23694
2024-12,13728,4274,20886,58643,338,63170
2025-01,14793,5159,23443,68833,284,84880
2025-02,16521,5373,22465,69717,261,81869
2025-03,18805,6917,24074,38323,454,49839
2025-04,25503,9213,30639,11965,156,19366
2025-05,15314,9490,18015,7446,81,11141
2025-06,32531,11015,35731,5046,22,7330
2025-07,23133,10510,27479,5108,32,7756
2025-08,21668,7284,26129,417,19,1143
2025-09,19455,7550,22714,7455,58,11313
2025-10,16540,7567,18591,2680,34,3261
2025-11,20738,7794,25500,746,50,988
2025-12,26277,8165,33505,9213,72,20530
2026-01,29495,9331,35450,6410,33,9324
2026-02,27314,9431,31981,6339,31,7914
2026-03,29520,8680,33670,6607,50,8213
2026-04,31468,8688,35283,12593,51,23672
2026-05,33572,8907,36599,12543,55,23892
